Plate,Count
24HRDRAINAGEDIVISION,9
Z4HRDRAINAGEDIVISION,7
GXIS0GJ,6
APOSJEO,3
LPIL,3
GIBBEPD,3
TOBSEPOTN,3
7C76JOSERD,3
GIB,3
LPILL,3
EFLQPZU,3
EGINBG,3
A6JOSZPD,3
GJOSEPD,2
GPED,2
LFLOOZU,2
ROBFFD,2
EYOGWS,2
TRY127,2
67FY,2
ELO9WSOZLX,2
FFOPZL,2
EYGINBG,2
OPZL,2
BEINOD,2
LIEPD,2
DBERD,2
ION,2
207MEOM,2
FLODZL,2
LILII,2
ZCH,2
WIISU,2
EFQDZL,2
NOBCFD4,2
SION,2
6JOSEPD,2
QHESBOF,2
BEU,2
MICHICT,2
NUACN,2
382,2
MDLWOV,2
IDESERA,2
GJOGERD,2
EFLODZL,2
701315SVODI,1
OBUS,1
24HRDRAINAGEKBYDIVISION,1
JMELEM,1
IABEDMELEN,1
EYOBUS,1
YSMOZCLI,1
VEOIN,1
GEKBYLWEON,1
MATCHLZP6912,1
3P611,1
BP6IL,1
RAHRDRAINAGEDIVISION,1
HSLON,1
ISIOU,1
EOSWS,1
MESUS,1
YESUIS,1
EYOSWS,1
EYOSUIS,1
FOWS,1
EOWS,1
EOQSMOZCLI,1
EYOGWB,1
EDMVSTO,1
ZSSVODI,1
WEOIONDEON,1
70T3SSVODI,1
GEKBYFON,1
YOSUIS,1
OZDILC,1
0ZDILG,1
D7D,1
NNACSION,1
GI0G,1
0402,1
LNSZZC,1
DISION,1
ZCZ6JOSERD,1
ELOIWSOZLY,1
JISICDMMSIAN,1
AINACEDISIC,1
7CZ6JOSERD,1
6JOSERD,1
LNISZZQ,1
ZAHRAINAGEDIVISION,1
AENOSZPD,1
MAOFDINISIO,1
AHRDRAINAQEDIVISION,1
A6JOSEPD,1
JNACEBMSI,1
MOZCLI,1
MATCHLZP,1
ZI5E4,1
BOU,1
BGUI,1
OZL,1
I9WSC,1
SED,1
O9WSOZLY,1
OZB406,1
OZLX,1
GIOSFY,1
EIORRY,1
VABEDMSION,1
ELOSPL,1
EXO,1
E403PLI,1
PLI,1
NDESEN,1
9IB1C,1
OLT,1
ECSGLE,1
OFCSGLE,1
5ISOCJ,1
TAA,1
CESILIL,1
372,1
CEELL,1
2772,1
TCEBIUC,1
CBE,1
EGIW,1
DPOTTH,1
CEEIWL,1
VOBIXRD,1
35E,1
CECILML,1
CEEILIL,1
98E,1
943E,1
CEELWL,1
392,1
CEELLL,1
57FPF,1
252,1
NHIDLWVCV,1
CDLC,1
APO,1
JPO5E0,1
JCOSJ0,1
IZU,1
MZU,1
MIISU,1
GXI50GJ,1
6U50GJ,1
NAIZNRU,1
OFCSBLE,1
NAI3HRU,1
GISOCJ,1
SAL,1
CHICT124,1
GUSSC5614,1
CSB,1
UDCC38,1
KDCCSB,1
GIBISP,1
WDSCSB,1
BLE,1
OSBLE,1
MNU,1
DLE4QLX,1
CDDLL6IPZS,1
CD721075,1
MELD,1
WG65ZFX,1
WGESZEX,1
0G65ZEX,1
LG65ZEX,1
LG65ZE8,1
0G65Z68,1
G65263,1
HX57FPF,1
0G65284,1
BPBILYH,1
DP6JLYH,1
LHISZZC,1
DPGTTH,1
PRELIH,1
PRELIHI,1
PGELIHI,1
SSALI,1
SSALTHI,1
PSALYHI,1
P61,1
0G65Z63,1
ABPF,1
LEEW,1
4X62BPF,1
EELU,1
BPF,1
LLE,1
LPULLC,1
LPULLL,1
M64PQL,1
LIALPL,1
LPLLIALPL,1
QID,1
LPLLIA,1
ZA6646,1
ZZA6646,1
664,1
C64OG,1
PLSWKJ,1
JSWKJLPLJSWKJ,1
M640O3,1
JSWKJLPL,1
IOSWKJ,1
4053,1
L64053,1
ME4J,1
K640,1
MKQJ,1
PGG5US,1
G6SSJ,1
DHY,1
POS5U5,1
DG6SUS,1
0CE545,1
MSLDD,1
NVOPHVE,1
4O5JEQCDLC,1
LOBHVF,1
HIC,1
LDEHVF,1
IOBHF,1
OIL,1
EOIDO,1
IEX,1
GIEXEYGINBG,1
ECICNEC,1
ECICNC,1
FCICNCC,1
HNUACN,1
TEA,1
EFLO0ZU,1
LBJM,1
EFLODZU,1
54EUEIDA,1
EAAETEAU,1
KG4,1
NBA,1
MSKQJ,1
4B4,1
MSKQ,1
BGSSSJ,1
SSISI6E88BJ,1
0G65USJ,1
SSUSU,1
G6SUSJ,1
WAW,1
KHI9480,1
HKKHI9460HI9460,1
BGSS,1
KHI9460,1
ZHKHI9460,1
B6SS,1
WOKO,1
MDLWCV,1
APO5EONHIIDLWCV,1
HOCJ,1
SGOR,1
GOF,1
KSGOR,1
QUESGOF,1
GIBGIB,1
QDL45GOP,1
CESIL,1
EGICNEG,1
JEA,1
CEGILYL,1
CIE,1
CEGICY,1
IAA,1
MFL,1
NNI3NRU,1
HICTMATCH,1
SCJ,1
8IS,1
0LECSGLE,1
GIBGIE,1
FIODBEINOD,1
FLODBEINOD,1
FAZHY,1
EVSUNBGTCHLEASA,1
EVSUNBGTCHLEASATE,1
LEAD,1
JLEZHY,1
QZFKDTEXOIMBC,1
QZFKD1EX6IMBG,1
UROZFKD,1
VDZERD,1
ADLWOV,1
KHOIZIX,1
TRYT27,1
UDTFX,1
KKOSZ1K,1
APOSJEQ,1
KHOSZZK,1
HOSEK,1
APOSJEQE,1
KKOS,1
KSZK,1
KHOSZK,1
UWDZERD,1
DRAIHADEDIVISION,1
LEE,1
LEER,1
QIZQ,1
KHOGKSU,1
DRANLABEDIVISION,1
SPIE,1
H06KSU,1
DRAIMADEDIVISIOM,1
CLOEFD,1
LA9AZLFLOO,1
OEFD,1
6JO6PD,1
6J06PD,1
4665JKU,1
OCO,1
DAAMHADDDIVIBIOM,1
GOCU,1
N6SSJK,1
OED,1
CJOCE,1
DAAINACEDIVIZIOY,1
DRAMHAOEDIVISIOH,1
AI2C096,1
NOBCPDN,1
ISIONISION,1
ZHADRAINADEDIVISION,1
AHPDRANN,1
ZAHRDRAINAGEDIVISION,1
NOBEPDQ7,1
GJOBEPD,1
LH5ZZC,1
NJOSEPLIOTN,1
WSZG,1
KHOBKSU,1
CIOBEPD,1
GIOBEPD,1
DRAIKAGEDIVISION,1
DESERA,1
DESEO,1
LIZZC,1
OBFFD,1
DRAINACEDIVIBION,1
6IOBFPD,1
LWSZZO,1
6IOBEPD,1
LMISZZC,1
DEDTO,1
FODZ,1
FODZI,1
FODZL,1
PEKEEDWU,1
KKGADMV,1
EFCCPZFEFLLQF,1
ELAONO,1
EFLQPZAU,1
AKBADM,1
EKEEQEH,1
DANHICCDIVIZIOY,1
DAORROR,1
LKBADHY,1
E700ZL,1
KEDSA,1
EIA,1
EADLERRO,1
EODZL,1
LKSADM,1
5NS,1
LA9974LFLOQ,1
EFLATEAA,1
DNEONION,1
DNNHIDCOIVIZIOY,1
LE5UKV,1
DRAIHADTBIVISIOH,1
LEOSLD,1
LEOSIY,1
DAAIHAATBIVIZION,1
LEOSIERDF65J,1
LEOSIERDF65JKV,1
0DE2M,1
AF65JKV,1
CES,1
FODZFODZ,1
GESJKY,1
6ESJKY,1
PELCEDUEZHU,1
N6E5JKY,1
OPZLOPZI,1
DAMACEDR,1
PEKEEQUEU,1
FL00ZFLQD,1
F0NZFLOD,1
DATBUEIIO,1
PEFSEDIEARJ,1
DRAINAAIDIVIBIOM,1
